{
  "cpu_100d_5ep": {
    "time": 2324.528668165207,
    "losses": [
      42516094081.36342,
      24836948494.37528,
      23303719608.274754,
      22666818792.857704,
      22299599388.60248
    ]
  },
  "gpu_100d_5ep": {
    "time": 551.6262838840485,
    "losses": [
      42512894066.68676,
      24812961893.823345,
      23276311597.04309,
      22642709642.321033,
      22274680825.738796
    ]
  },
  "gpu_50d_10ep": {
    "time": 899.4223446846008,
    "losses": [
      42728127931.81779,
      24867152064.72789,
      23376213024.687286,
      22808345856.407112,
      22497699257.72002,
      22296291661.49284,
      22150828090.962982,
      22043317293.721844,
      21954634143.942863,
      21882282582.79219
    ]
  },
  "gpu_100d_10ep": {
    "time": 910.7810053825378,
    "losses": [
      42431273477.489395,
      24794184991.917957,
      23260117290.47366,
      22627099462.942795,
      22256658514.037014,
      22007178938.37504,
      21823579600.992996,
      21677819739.388523,
      21562162964.732872,
      21465668205.60517
    ]
  },
  "gpu_300d_10ep": {
    "time": 1086.8593909740448,
    "losses": [
      41980489226.80604,
      24722884131.015106,
      23157033437.839275,
      22459329462.205776,
      22011725280.729477,
      21674542409.54269,
      21410595738.096527,
      21191544210.552597,
      21004253315.773247,
      20843233664.204113
    ]
  },
  "cbow_gpu_300d_10ep": {
    "time": 198.41159987449646,
    "losses": [
      6326229225.750499,
      4688871430.170773,
      4259696201.570459,
      4007016713.21975,
      3827754171.6802845,
      3682578838.4681973,
      3561806810.2396097,
      3454859053.0577803,
      3360655078.0903106,
      3275691057.8999043
    ]
  }
}